function,mode,fan,temp_c,coolix,xt_frame
Power off,off,-,-,0xB27BE0,"{0x00, 0xFF, 0xAE, 0xBB, 0xBA, 0xBA, 0xBA, 0xEB, 0xBA, 0xBB, 0xEB, 0xEE, 0xAA, 0xAE, 0xEE, 0xAE, 0xAA, 0xEA, 0xEE, 0xEE, 0xFE}"
Toggle swing,swing,-,-,0xB26BE0,"{0x00, 0xFF, 0xAE, 0xBB, 0xBA, 0xBA, 0xBA, 0xEB, 0xBA, 0xEB, 0xBA, 0xBB, 0xBA, 0xAE, 0xEE, 0xAE, 0xAA, 0xEA, 0xEE, 0xEE, 0xFE}"
Toggle display LED,led,-,-,0xB5F5A5,"{0x00, 0xFF, 0xAE, 0xBB, 0xAE, 0xEB, 0xEA, 0xBA, 0xEE, 0xEE, 0xBA, 0xAE, 0xEA, 0xBA, 0xAE, 0xAB, 0xEB, 0xBA, 0xEE, 0xBA, 0xFE}"
Toggle silence/feel,silence,-,-,0xB5F5B6,"{0x00, 0xFF, 0xAE, 0xBB, 0xAE, 0xEB, 0xEA, 0xBA, 0xEE, 0xEE, 0xBA, 0xAE, 0xEA, 0xBA, 0xAE, 0xBB, 0xEE, 0xEA, 0xEA, 0xEA, 0xFE}"
Fan only,fan_only,auto,-,0xB2BFE4,"{0x00, 0xFF, 0xAE, 0xBB, 0xBA, 0xBA, 0xBA, 0xEB, 0xAE, 0xBB, 0xBB, 0xBB, 0xAE, 0xAA, 0xEE, 0xAE, 0xAE, 0xAA, 0xBB, 0xEE, 0xFE}"
Fan only,fan_only,low,-,0xB29FE4,"{0x00, 0xFF, 0xAE, 0xBB, 0xBA, 0xBA, 0xBA, 0xEB, 0xAE, 0xEE, 0xEE, 0xAE, 0xBB, 0xAA, 0xEE, 0xAE, 0xAE, 0xAA, 0xBB, 0xEE, 0xFE}"
Fan only,fan_only,medium,-,0xB25FE4,"{0x00, 0xFF, 0xAE, 0xBB, 0xBA, 0xBA, 0xBA, 0xEB, 0xBA, 0xEE, 0xEE, 0xEE, 0xBA, 0xAA, 0xEE, 0xAE, 0xAE, 0xAA, 0xBB, 0xEE, 0xFE}"
Fan only,fan_only,high,-,0xB23FE4,"{0x00, 0xFF, 0xAE, 0xBB, 0xBA, 0xBA, 0xBA, 0xEB, 0xEA, 0xEE, 0xEE, 0xEE, 0xAE, 0xAA, 0xEE, 0xAE, 0xAE, 0xAA, 0xBB, 0xEE, 0xFE}"
Cool,cool,auto,17,0xB2BF00,"{0x00, 0xFF, 0xAE, 0xBB, 0xBA, 0xBA, 0xBA, 0xEB, 0xAE, 0xBB, 0xBB, 0xBB, 0xAE, 0xAA, 0xAA, 0xAA, 0xEE, 0xEE, 0xEE, 0xEE, 0xFE}"
Cool,cool,auto,18,0xB2BF10,"{0x00, 0xFF, 0xAE, 0xBB, 0xBA, 0xBA, 0xBA, 0xEB, 0xAE, 0xBB, 0xBB, 0xBB, 0xAE, 0xAA, 0xAA, 0xAB, 0xBA, 0xBB, 0xEE, 0xEE, 0xFE}"
Cool,cool,auto,19,0xB2BF30,"{0x00, 0xFF, 0xAE, 0xBB, 0xBA, 0xBA, 0xBA, 0xEB, 0xAE, 0xBB, 0xBB, 0xBB, 0xAE, 0xAA, 0xEA, 0xAE, 0xEA, 0xAE, 0xEE, 0xEE, 0xFE}"
Cool,cool,auto,20,0xB2BF20,"{0x00, 0xFF, 0xAE, 0xBB, 0xBA, 0xBA, 0xBA, 0xEB, 0xAE, 0xBB, 0xBB, 0xBB, 0xAE, 0xAA, 0xEA, 0xAA, 0xBA, 0xEB, 0xEE, 0xEE, 0xFE}"
Cool,cool,auto,21,0xB2BF60,"{0x00, 0xFF, 0xAE, 0xBB, 0xBA, 0xBA, 0xBA, 0xEB, 0xAE, 0xBB, 0xBB, 0xBB, 0xAE, 0xAA, 0xBA, 0xAB, 0xEA, 0xEA, 0xEE, 0xEE, 0xFE}"
Cool,cool,auto,22,0xB2BF70,"{0x00, 0xFF, 0xAE, 0xBB, 0xBA, 0xBA, 0xBA, 0xEB, 0xAE, 0xBB, 0xBB, 0xBB, 0xAE, 0xAA, 0xBA, 0xBB, 0xAA, 0xAB, 0xEE, 0xEE, 0xFE}"
Cool,cool,auto,23,0xB2BF50,"{0x00, 0xFF, 0xAE, 0xBB, 0xBA, 0xBA, 0xBA, 0xEB, 0xAE, 0xBB, 0xBB, 0xBB, 0xAE, 0xAA, 0xBA, 0xAE, 0xEA, 0xBA, 0xEE, 0xEE, 0xFE}"
Cool,cool,auto,24,0xB2BF40,"{0x00, 0xFF, 0xAE, 0xBB, 0xBA, 0xBA, 0xBA, 0xEB, 0xAE, 0xBB, 0xBB, 0xBB, 0xAE, 0xAA, 0xBA, 0xAA, 0xBA, 0xEE, 0xEE, 0xEE, 0xFE}"
Cool,cool,auto,25,0xB2BFC0,"{0x00, 0xFF, 0xAE, 0xBB, 0xBA, 0xBA, 0xBA, 0xEB, 0xAE, 0xBB, 0xBB, 0xBB, 0xAE, 0xAA, 0xEE, 0xAA, 0xAA, 0xEE, 0xEE, 0xEE, 0xFE}"
Cool,cool,auto,26,0xB2BFD0,"{0x00, 0xFF, 0xAE, 0xBB, 0xBA, 0xBA, 0xBA, 0xEB, 0xAE, 0xBB, 0xBB, 0xBB, 0xAE, 0xAA, 0xEE, 0xBA, 0xAA, 0xBA, 0xEE, 0xEE, 0xFE}"
Cool,cool,auto,27,0xB2BF90,"{0x00, 0xFF, 0xAE, 0xBB, 0xBA, 0xBA, 0xBA, 0xEB, 0xAE, 0xBB, 0xBB, 0xBB, 0xAE, 0xAA, 0xAE, 0xAE, 0xAA, 0xBB, 0xEE, 0xEE, 0xFE}"
Cool,cool,auto,28,0xB2BF80,"{0x00, 0xFF, 0xAE, 0xBB, 0xBA, 0xBA, 0xBA, 0xEB, 0xAE, 0xBB, 0xBB, 0xBB, 0xAE, 0xAA, 0xAE, 0xAA, 0xEA, 0xEE, 0xEE, 0xEE, 0xFE}"
Cool,cool,auto,29,0xB2BFA0,"{0x00, 0xFF, 0xAE, 0xBB, 0xBA, 0xBA, 0xBA, 0xEB, 0xAE, 0xBB, 0xBB, 0xBB, 0xAE, 0xAA, 0xAE, 0xAB, 0xAA, 0xEB, 0xEE, 0xEE, 0xFE}"
Cool,cool,auto,30,0xB2BFB0,"{0x00, 0xFF, 0xAE, 0xBB, 0xBA, 0xBA, 0xBA, 0xEB, 0xAE, 0xBB, 0xBB, 0xBB, 0xAE, 0xAA, 0xAE, 0xBB, 0xAA, 0xAE, 0xEE, 0xEE, 0xFE}"
Cool,cool,low,17,0xB29F00,"{0x00, 0xFF, 0xAE, 0xBB, 0xBA, 0xBA, 0xBA, 0xEB, 0xAE, 0xEE, 0xEE, 0xAE, 0xBB, 0xAA, 0xAA, 0xAA, 0xEE, 0xEE, 0xEE, 0xEE, 0xFE}"
Cool,cool,low,18,0xB29F10,"{0x00, 0xFF, 0xAE, 0xBB, 0xBA, 0xBA, 0xBA, 0xEB, 0xAE, 0xEE, 0xEE, 0xAE, 0xBB, 0xAA, 0xAA, 0xAB, 0xBA, 0xBB, 0xEE, 0xEE, 0xFE}"
Cool,cool,low,19,0xB29F30,"{0x00, 0xFF, 0xAE, 0xBB, 0xBA, 0xBA, 0xBA, 0xEB, 0xAE, 0xEE, 0xEE, 0xAE, 0xBB, 0xAA, 0xEA, 0xAE, 0xEA, 0xAE, 0xEE, 0xEE, 0xFE}"
Cool,cool,low,20,0xB29F20,"{0x00, 0xFF, 0xAE, 0xBB, 0xBA, 0xBA, 0xBA, 0xEB, 0xAE, 0xEE, 0xEE, 0xAE, 0xBB, 0xAA, 0xEA, 0xAA, 0xBA, 0xEB, 0xEE, 0xEE, 0xFE}"
Cool,cool,low,21,0xB29F60,"{0x00, 0xFF, 0xAE, 0xBB, 0xBA, 0xBA, 0xBA, 0xEB, 0xAE, 0xEE, 0xEE, 0xAE, 0xBB, 0xAA, 0xBA, 0xAB, 0xEA, 0xEA, 0xEE, 0xEE, 0xFE}"
Cool,cool,low,22,0xB29F70,"{0x00, 0xFF, 0xAE, 0xBB, 0xBA, 0xBA, 0xBA, 0xEB, 0xAE, 0xEE, 0xEE, 0xAE, 0xBB, 0xAA, 0xBA, 0xBB, 0xAA, 0xAB, 0xEE, 0xEE, 0xFE}"
Cool,cool,low,23,0xB29F50,"{0x00, 0xFF, 0xAE, 0xBB, 0xBA, 0xBA, 0xBA, 0xEB, 0xAE, 0xEE, 0xEE, 0xAE, 0xBB, 0xAA, 0xBA, 0xAE, 0xEA, 0xBA, 0xEE, 0xEE, 0xFE}"
Cool,cool,low,24,0xB29F40,"{0x00, 0xFF, 0xAE, 0xBB, 0xBA, 0xBA, 0xBA, 0xEB, 0xAE, 0xEE, 0xEE, 0xAE, 0xBB, 0xAA, 0xBA, 0xAA, 0xBA, 0xEE, 0xEE, 0xEE, 0xFE}"
Cool,cool,low,25,0xB29FC0,"{0x00, 0xFF, 0xAE, 0xBB, 0xBA, 0xBA, 0xBA, 0xEB, 0xAE, 0xEE, 0xEE, 0xAE, 0xBB, 0xAA, 0xEE, 0xAA, 0xAA, 0xEE, 0xEE, 0xEE, 0xFE}"
Cool,cool,low,26,0xB29FD0,"{0x00, 0xFF, 0xAE, 0xBB, 0xBA, 0xBA, 0xBA, 0xEB, 0xAE, 0xEE, 0xEE, 0xAE, 0xBB, 0xAA, 0xEE, 0xBA, 0xAA, 0xBA, 0xEE, 0xEE, 0xFE}"
Cool,cool,low,27,0xB29F90,"{0x00, 0xFF, 0xAE, 0xBB, 0xBA, 0xBA, 0xBA, 0xEB, 0xAE, 0xEE, 0xEE, 0xAE, 0xBB, 0xAA, 0xAE, 0xAE, 0xAA, 0xBB, 0xEE, 0xEE, 0xFE}"
Cool,cool,low,28,0xB29F80,"{0x00, 0xFF, 0xAE, 0xBB, 0xBA, 0xBA, 0xBA, 0xEB, 0xAE, 0xEE, 0xEE, 0xAE, 0xBB, 0xAA, 0xAE, 0xAA, 0xEA, 0xEE, 0xEE, 0xEE, 0xFE}"
Cool,cool,low,29,0xB29FA0,"{0x00, 0xFF, 0xAE, 0xBB, 0xBA, 0xBA, 0xBA, 0xEB, 0xAE, 0xEE, 0xEE, 0xAE, 0xBB, 0xAA, 0xAE, 0xAB, 0xAA, 0xEB, 0xEE, 0xEE, 0xFE}"
Cool,cool,low,30,0xB29FB0,"{0x00, 0xFF, 0xAE, 0xBB, 0xBA, 0xBA, 0xBA, 0xEB, 0xAE, 0xEE, 0xEE, 0xAE, 0xBB, 0xAA, 0xAE, 0xBB, 0xAA, 0xAE, 0xEE, 0xEE, 0xFE}"
Cool,cool,medium,17,0xB25F00,"{0x00, 0xFF, 0xAE, 0xBB, 0xBA, 0xBA, 0xBA, 0xEB, 0xBA, 0xEE, 0xEE, 0xEE, 0xBA, 0xAA, 0xAA, 0xAA, 0xEE, 0xEE, 0xEE, 0xEE, 0xFE}"
Cool,cool,medium,18,0xB25F10,"{0x00, 0xFF, 0xAE, 0xBB, 0xBA, 0xBA, 0xBA, 0xEB, 0xBA, 0xEE, 0xEE, 0xEE, 0xBA, 0xAA, 0xAA, 0xAB, 0xBA, 0xBB, 0xEE, 0xEE, 0xFE}"
Cool,cool,medium,19,0xB25F30,"{0x00, 0xFF, 0xAE, 0xBB, 0xBA, 0xBA, 0xBA, 0xEB, 0xBA, 0xEE, 0xEE, 0xEE, 0xBA, 0xAA, 0xEA, 0xAE, 0xEA, 0xAE, 0xEE, 0xEE, 0xFE}"
Cool,cool,medium,20,0xB25F20,"{0x00, 0xFF, 0xAE, 0xBB, 0xBA, 0xBA, 0xBA, 0xEB, 0xBA, 0xEE, 0xEE, 0xEE, 0xBA, 0xAA, 0xEA, 0xAA, 0xBA, 0xEB, 0xEE, 0xEE, 0xFE}"
Cool,cool,medium,21,0xB25F60,"{0x00, 0xFF, 0xAE, 0xBB, 0xBA, 0xBA, 0xBA, 0xEB, 0xBA, 0xEE, 0xEE, 0xEE, 0xBA, 0xAA, 0xBA, 0xAB, 0xEA, 0xEA, 0xEE, 0xEE, 0xFE}"
Cool,cool,medium,22,0xB25F70,"{0x00, 0xFF, 0xAE, 0xBB, 0xBA, 0xBA, 0xBA, 0xEB, 0xBA, 0xEE, 0xEE, 0xEE, 0xBA, 0xAA, 0xBA, 0xBB, 0xAA, 0xAB, 0xEE, 0xEE, 0xFE}"
Cool,cool,medium,23,0xB25F50,"{0x00, 0xFF, 0xAE, 0xBB, 0xBA, 0xBA, 0xBA, 0xEB, 0xBA, 0xEE, 0xEE, 0xEE, 0xBA, 0xAA, 0xBA, 0xAE, 0xEA, 0xBA, 0xEE, 0xEE, 0xFE}"
Cool,cool,medium,24,0xB25F40,"{0x00, 0xFF, 0xAE, 0xBB, 0xBA, 0xBA, 0xBA, 0xEB, 0xBA, 0xEE, 0xEE, 0xEE, 0xBA, 0xAA, 0xBA, 0xAA, 0xBA, 0xEE, 0xEE, 0xEE, 0xFE}"
Cool,cool,medium,25,0xB25FC0,"{0x00, 0xFF, 0xAE, 0xBB, 0xBA, 0xBA, 0xBA, 0xEB, 0xBA, 0xEE, 0xEE, 0xEE, 0xBA, 0xAA, 0xEE, 0xAA, 0xAA, 0xEE, 0xEE, 0xEE, 0xFE}"
Cool,cool,medium,26,0xB25FD0,"{0x00, 0xFF, 0xAE, 0xBB, 0xBA, 0xBA, 0xBA, 0xEB, 0xBA, 0xEE, 0xEE, 0xEE, 0xBA, 0xAA, 0xEE, 0xBA, 0xAA, 0xBA, 0xEE, 0xEE, 0xFE}"
Cool,cool,medium,27,0xB25F90,"{0x00, 0xFF, 0xAE, 0xBB, 0xBA, 0xBA, 0xBA, 0xEB, 0xBA, 0xEE, 0xEE, 0xEE, 0xBA, 0xAA, 0xAE, 0xAE, 0xAA, 0xBB, 0xEE, 0xEE, 0xFE}"
Cool,cool,medium,28,0xB25F80,"{0x00, 0xFF, 0xAE, 0xBB, 0xBA, 0xBA, 0xBA, 0xEB, 0xBA, 0xEE, 0xEE, 0xEE, 0xBA, 0xAA, 0xAE, 0xAA, 0xEA, 0xEE, 0xEE, 0xEE, 0xFE}"
Cool,cool,medium,29,0xB25FA0,"{0x00, 0xFF, 0xAE, 0xBB, 0xBA, 0xBA, 0xBA, 0xEB, 0xBA, 0xEE, 0xEE, 0xEE, 0xBA, 0xAA, 0xAE, 0xAB, 0xAA, 0xEB, 0xEE, 0xEE, 0xFE}"
Cool,cool,medium,30,0xB25FB0,"{0x00, 0xFF, 0xAE, 0xBB, 0xBA, 0xBA, 0xBA, 0xEB, 0xBA, 0xEE, 0xEE, 0xEE, 0xBA, 0xAA, 0xAE, 0xBB, 0xAA, 0xAE, 0xEE, 0xEE, 0xFE}"
Cool,cool,high,17,0xB23F00,"{0x00, 0xFF, 0xAE, 0xBB, 0xBA, 0xBA, 0xBA, 0xEB, 0xEA, 0xEE, 0xEE, 0xEE, 0xAE, 0xAA, 0xAA, 0xAA, 0xEE, 0xEE, 0xEE, 0xEE, 0xFE}"
Cool,cool,high,18,0xB23F10,"{0x00, 0xFF, 0xAE, 0xBB, 0xBA, 0xBA, 0xBA, 0xEB, 0xEA, 0xEE, 0xEE, 0xEE, 0xAE, 0xAA, 0xAA, 0xAB, 0xBA, 0xBB, 0xEE, 0xEE, 0xFE}"
Cool,cool,high,19,0xB23F30,"{0x00, 0xFF, 0xAE, 0xBB, 0xBA, 0xBA, 0xBA, 0xEB, 0xEA, 0xEE, 0xEE, 0xEE, 0xAE, 0xAA, 0xEA, 0xAE, 0xEA, 0xAE, 0xEE, 0xEE, 0xFE}"
Cool,cool,high,20,0xB23F20,"{0x00, 0xFF, 0xAE, 0xBB, 0xBA, 0xBA, 0xBA, 0xEB, 0xEA, 0xEE, 0xEE, 0xEE, 0xAE, 0xAA, 0xEA, 0xAA, 0xBA, 0xEB, 0xEE, 0xEE, 0xFE}"
Cool,cool,high,21,0xB23F60,"{0x00, 0xFF, 0xAE, 0xBB, 0xBA, 0xBA, 0xBA, 0xEB, 0xEA, 0xEE, 0xEE, 0xEE, 0xAE, 0xAA, 0xBA, 0xAB, 0xEA, 0xEA, 0xEE, 0xEE, 0xFE}"
Cool,cool,high,22,0xB23F70,"{0x00, 0xFF, 0xAE, 0xBB, 0xBA, 0xBA, 0xBA, 0xEB, 0xEA, 0xEE, 0xEE, 0xEE, 0xAE, 0xAA, 0xBA, 0xBB, 0xAA, 0xAB, 0xEE, 0xEE, 0xFE}"
Cool,cool,high,23,0xB23F50,"{0x00, 0xFF, 0xAE, 0xBB, 0xBA, 0xBA, 0xBA, 0xEB, 0xEA, 0xEE, 0xEE, 0xEE, 0xAE, 0xAA, 0xBA, 0xAE, 0xEA, 0xBA, 0xEE, 0xEE, 0xFE}"
Cool,cool,high,24,0xB23F40,"{0x00, 0xFF, 0xAE, 0xBB, 0xBA, 0xBA, 0xBA, 0xEB, 0xEA, 0xEE, 0xEE, 0xEE, 0xAE, 0xAA, 0xBA, 0xAA, 0xBA, 0xEE, 0xEE, 0xEE, 0xFE}"
Cool,cool,high,25,0xB23FC0,"{0x00, 0xFF, 0xAE, 0xBB, 0xBA, 0xBA, 0xBA, 0xEB, 0xEA, 0xEE, 0xEE, 0xEE, 0xAE, 0xAA, 0xEE, 0xAA, 0xAA, 0xEE, 0xEE, 0xEE, 0xFE}"
Cool,cool,high,26,0xB23FD0,"{0x00, 0xFF, 0xAE, 0xBB, 0xBA, 0xBA, 0xBA, 0xEB, 0xEA, 0xEE, 0xEE, 0xEE, 0xAE, 0xAA, 0xEE, 0xBA, 0xAA, 0xBA, 0xEE, 0xEE, 0xFE}"
Cool,cool,high,27,0xB23F90,"{0x00, 0xFF, 0xAE, 0xBB, 0xBA, 0xBA, 0xBA, 0xEB, 0xEA, 0xEE, 0xEE, 0xEE, 0xAE, 0xAA, 0xAE, 0xAE, 0xAA, 0xBB, 0xEE, 0xEE, 0xFE}"
Cool,cool,high,28,0xB23F80,"{0x00, 0xFF, 0xAE, 0xBB, 0xBA, 0xBA, 0xBA, 0xEB, 0xEA, 0xEE, 0xEE, 0xEE, 0xAE, 0xAA, 0xAE, 0xAA, 0xEA, 0xEE, 0xEE, 0xEE, 0xFE}"
Cool,cool,high,29,0xB23FA0,"{0x00, 0xFF, 0xAE, 0xBB, 0xBA, 0xBA, 0xBA, 0xEB, 0xEA, 0xEE, 0xEE, 0xEE, 0xAE, 0xAA, 0xAE, 0xAB, 0xAA, 0xEB, 0xEE, 0xEE, 0xFE}"
Cool,cool,high,30,0xB23FB0,"{0x00, 0xFF, 0xAE, 0xBB, 0xBA, 0xBA, 0xBA, 0xEB, 0xEA, 0xEE, 0xEE, 0xEE, 0xAE, 0xAA, 0xAE, 0xBB, 0xAA, 0xAE, 0xEE, 0xEE, 0xFE}"
Heat,heat,auto,17,0xB2BF0C,"{0x00, 0xFF, 0xAE, 0xBB, 0xBA, 0xBA, 0xBA, 0xEB, 0xAE, 0xBB, 0xBB, 0xBB, 0xAE, 0xAA, 0xAA, 0xEE, 0xEA, 0xEE, 0xAE, 0xEE, 0xFE}"
Heat,heat,auto,18,0xB2BF1C,"{0x00, 0xFF, 0xAE, 0xBB, 0xBA, 0xBA, 0xBA, 0xEB, 0xAE, 0xBB, 0xBB, 0xBB, 0xAE, 0xAA, 0xAA, 0xBB, 0xAB, 0xBB, 0xAB, 0xEE, 0xFE}"
Heat,heat,auto,19,0xB2BF3C,"{0x00, 0xFF, 0xAE, 0xBB, 0xBA, 0xBA, 0xBA, 0xEB, 0xAE, 0xBB, 0xBB, 0xBB, 0xAE, 0xAA, 0xEA, 0xEE, 0xAE, 0xEE, 0xAA, 0xEE, 0xFE}"
Heat,heat,auto,20,0xB2BF2C,"{0x00, 0xFF, 0xAE, 0xBB, 0xBA, 0xBA, 0xBA, 0xEB, 0xAE, 0xBB, 0xBB, 0xBB, 0xAE, 0xAA, 0xEA, 0xBA, 0xAB, 0xBB, 0xAE, 0xEE, 0xFE}"
Heat,heat,auto,21,0xB2BF6C,"{0x00, 0xFF, 0xAE, 0xBB, 0xBA, 0xBA, 0xBA, 0xEB, 0xAE, 0xBB, 0xBB, 0xBB, 0xAE, 0xAA, 0xBA, 0xEB, 0xAE, 0xAE, 0xAE, 0xEE, 0xFE}"
Heat,heat,auto,22,0xB2BF7C,"{0x00, 0xFF, 0xAE, 0xBB, 0xBA, 0xBA, 0xBA, 0xEB, 0xAE, 0xBB, 0xBB, 0xBB, 0xAE, 0xAA, 0xBA, 0xBB, 0xBB, 0xBA, 0xAA, 0xEE, 0xFE}"
Heat,heat,auto,23,0xB2BF5C,"{0x00, 0xFF, 0xAE, 0xBB, 0xBA, 0xBA, 0xBA, 0xEB, 0xAE, 0xBB, 0xBB, 0xBB, 0xAE, 0xAA, 0xBA, 0xEE, 0xAE, 0xAE, 0xAB, 0xEE, 0xFE}"
Heat,heat,auto,24,0xB2BF4C,"{0x00, 0xFF, 0xAE, 0xBB, 0xBA, 0xBA, 0xBA, 0xEB, 0xAE, 0xBB, 0xBB, 0xBB, 0xAE, 0xAA, 0xBA, 0xBA, 0xAB, 0xEB, 0xAE, 0xEE, 0xFE}"
Heat,heat,auto,25,0xB2BFCC,"{0x00, 0xFF, 0xAE, 0xBB, 0xBA, 0xBA, 0xBA, 0xEB, 0xAE, 0xBB, 0xBB, 0xBB, 0xAE, 0xAA, 0xEE, 0xEA, 0xAE, 0xEA, 0xAE, 0xEE, 0xFE}"
Heat,heat,auto,26,0xB2BFDC,"{0x00, 0xFF, 0xAE, 0xBB, 0xBA, 0xBA, 0xBA, 0xEB, 0xAE, 0xBB, 0xBB, 0xBB, 0xAE, 0xAA, 0xEE, 0xBA, 0xBB, 0xAA, 0xAB, 0xEE, 0xFE}"
Heat,heat,auto,27,0xB2BF9C,"{0x00, 0xFF, 0xAE, 0xBB, 0xBA, 0xBA, 0xBA, 0xEB, 0xAE, 0xBB, 0xBB, 0xBB, 0xAE, 0xAA, 0xAE, 0xEE, 0xAE, 0xBA, 0xAB, 0xEE, 0xFE}"
Heat,heat,auto,28,0xB2BF8C,"{0x00, 0xFF, 0xAE, 0xBB, 0xBA, 0xBA, 0xBA, 0xEB, 0xAE, 0xBB, 0xBB, 0xBB, 0xAE, 0xAA, 0xAE, 0xBA, 0xAB, 0xEE, 0xAE, 0xEE, 0xFE}"
Heat,heat,auto,29,0xB2BFAC,"{0x00, 0xFF, 0xAE, 0xBB, 0xBA, 0xBA, 0xBA, 0xEB, 0xAE, 0xBB, 0xBB, 0xBB, 0xAE, 0xAA, 0xAE, 0xEB, 0xAE, 0xBA, 0xAE, 0xEE, 0xFE}"
Heat,heat,auto,30,0xB2BFBC,"{0x00, 0xFF, 0xAE, 0xBB, 0xBA, 0xBA, 0xBA, 0xEB, 0xAE, 0xBB, 0xBB, 0xBB, 0xAE, 0xAA, 0xAE, 0xBB, 0xBB, 0xEA, 0xAA, 0xEE, 0xFE}"
Heat,heat,low,17,0xB29F0C,"{0x00, 0xFF, 0xAE, 0xBB, 0xBA, 0xBA, 0xBA, 0xEB, 0xAE, 0xEE, 0xEE, 0xAE, 0xBB, 0xAA, 0xAA, 0xEE, 0xEA, 0xEE, 0xAE, 0xEE, 0xFE}"
Heat,heat,low,18,0xB29F1C,"{0x00, 0xFF, 0xAE, 0xBB, 0xBA, 0xBA, 0xBA, 0xEB, 0xAE, 0xEE, 0xEE, 0xAE, 0xBB, 0xAA, 0xAA, 0xBB, 0xAB, 0xBB, 0xAB, 0xEE, 0xFE}"
Heat,heat,low,19,0xB29F3C,"{0x00, 0xFF, 0xAE, 0xBB, 0xBA, 0xBA, 0xBA, 0xEB, 0xAE, 0xEE, 0xEE, 0xAE, 0xBB, 0xAA, 0xEA, 0xEE, 0xAE, 0xEE, 0xAA, 0xEE, 0xFE}"
Heat,heat,low,20,0xB29F2C,"{0x00, 0xFF, 0xAE, 0xBB, 0xBA, 0xBA, 0xBA, 0xEB, 0xAE, 0xEE, 0xEE, 0xAE, 0xBB, 0xAA, 0xEA, 0xBA, 0xAB, 0xBB, 0xAE, 0xEE, 0xFE}"
Heat,heat,low,21,0xB29F6C,"{0x00, 0xFF, 0xAE, 0xBB, 0xBA, 0xBA, 0xBA, 0xEB, 0xAE, 0xEE, 0xEE, 0xAE, 0xBB, 0xAA, 0xBA, 0xEB, 0xAE, 0xAE, 0xAE, 0xEE, 0xFE}"
Heat,heat,low,22,0xB29F7C,"{0x00, 0xFF, 0xAE, 0xBB, 0xBA, 0xBA, 0xBA, 0xEB, 0xAE, 0xEE, 0xEE, 0xAE, 0xBB, 0xAA, 0xBA, 0xBB, 0xBB, 0xBA, 0xAA, 0xEE, 0xFE}"
Heat,heat,low,23,0xB29F5C,"{0x00, 0xFF, 0xAE, 0xBB, 0xBA, 0xBA, 0xBA, 0xEB, 0xAE, 0xEE, 0xEE, 0xAE, 0xBB, 0xAA, 0xBA, 0xEE, 0xAE, 0xAE, 0xAB, 0xEE, 0xFE}"
Heat,heat,low,24,0xB29F4C,"{0x00, 0xFF, 0xAE, 0xBB, 0xBA, 0xBA, 0xBA, 0xEB, 0xAE, 0xEE, 0xEE, 0xAE, 0xBB, 0xAA, 0xBA, 0xBA, 0xAB, 0xEB, 0xAE, 0xEE, 0xFE}"
Heat,heat,low,25,0xB29FCC,"{0x00, 0xFF, 0xAE, 0xBB, 0xBA, 0xBA, 0xBA, 0xEB, 0xAE, 0xEE, 0xEE, 0xAE, 0xBB, 0xAA, 0xEE, 0xEA, 0xAE, 0xEA, 0xAE, 0xEE, 0xFE}"
Heat,heat,low,26,0xB29FDC,"{0x00, 0xFF, 0xAE, 0xBB, 0xBA, 0xBA, 0xBA, 0xEB, 0xAE, 0xEE, 0xEE, 0xAE, 0xBB, 0xAA, 0xEE, 0xBA, 0xBB, 0xAA, 0xAB, 0xEE, 0xFE}"
Heat,heat,low,27,0xB29F9C,"{0x00, 0xFF, 0xAE, 0xBB, 0xBA, 0xBA, 0xBA, 0xEB, 0xAE, 0xEE, 0xEE, 0xAE, 0xBB, 0xAA, 0xAE, 0xEE, 0xAE, 0xBA, 0xAB, 0xEE, 0xFE}"
Heat,heat,low,28,0xB29F8C,"{0x00, 0xFF, 0xAE, 0xBB, 0xBA, 0xBA, 0xBA, 0xEB, 0xAE, 0xEE, 0xEE, 0xAE, 0xBB, 0xAA, 0xAE, 0xBA, 0xAB, 0xEE, 0xAE, 0xEE, 0xFE}"
Heat,heat,low,29,0xB29FAC,"{0x00, 0xFF, 0xAE, 0xBB, 0xBA, 0xBA, 0xBA, 0xEB, 0xAE, 0xEE, 0xEE, 0xAE, 0xBB, 0xAA, 0xAE, 0xEB, 0xAE, 0xBA, 0xAE, 0xEE, 0xFE}"
Heat,heat,low,30,0xB29FBC,"{0x00, 0xFF, 0xAE, 0xBB, 0xBA, 0xBA, 0xBA, 0xEB, 0xAE, 0xEE, 0xEE, 0xAE, 0xBB, 0xAA, 0xAE, 0xBB, 0xBB, 0xEA, 0xAA, 0xEE, 0xFE}"
Heat,heat,medium,17,0xB25F0C,"{0x00, 0xFF, 0xAE, 0xBB, 0xBA, 0xBA, 0xBA, 0xEB, 0xBA, 0xEE, 0xEE, 0xEE, 0xBA, 0xAA, 0xAA, 0xEE, 0xEA, 0xEE, 0xAE, 0xEE, 0xFE}"
Heat,heat,medium,18,0xB25F1C,"{0x00, 0xFF, 0xAE, 0xBB, 0xBA, 0xBA, 0xBA, 0xEB, 0xBA, 0xEE, 0xEE, 0xEE, 0xBA, 0xAA, 0xAA, 0xBB, 0xAB, 0xBB, 0xAB, 0xEE, 0xFE}"
Heat,heat,medium,19,0xB25F3C,"{0x00, 0xFF, 0xAE, 0xBB, 0xBA, 0xBA, 0xBA, 0xEB, 0xBA, 0xEE, 0xEE, 0xEE, 0xBA, 0xAA, 0xEA, 0xEE, 0xAE, 0xEE, 0xAA, 0xEE, 0xFE}"
Heat,heat,medium,20,0xB25F2C,"{0x00, 0xFF, 0xAE, 0xBB, 0xBA, 0xBA, 0xBA, 0xEB, 0xBA, 0xEE, 0xEE, 0xEE, 0xBA, 0xAA, 0xEA, 0xBA, 0xAB, 0xBB, 0xAE, 0xEE, 0xFE}"
Heat,heat,medium,21,0xB25F6C,"{0x00, 0xFF, 0xAE, 0xBB, 0xBA, 0xBA, 0xBA, 0xEB, 0xBA, 0xEE, 0xEE, 0xEE, 0xBA, 0xAA, 0xBA, 0xEB, 0xAE, 0xAE, 0xAE, 0xEE, 0xFE}"
Heat,heat,medium,22,0xB25F7C,"{0x00, 0xFF, 0xAE, 0xBB, 0xBA, 0xBA, 0xBA, 0xEB, 0xBA, 0xEE, 0xEE, 0xEE, 0xBA, 0xAA, 0xBA, 0xBB, 0xBB, 0xBA, 0xAA, 0xEE, 0xFE}"
Heat,heat,medium,23,0xB25F5C,"{0x00, 0xFF, 0xAE, 0xBB, 0xBA, 0xBA, 0xBA, 0xEB, 0xBA, 0xEE, 0xEE, 0xEE, 0xBA, 0xAA, 0xBA, 0xEE, 0xAE, 0xAE, 0xAB, 0xEE, 0xFE}"
Heat,heat,medium,24,0xB25F4C,"{0x00, 0xFF, 0xAE, 0xBB, 0xBA, 0xBA, 0xBA, 0xEB, 0xBA, 0xEE, 0xEE, 0xEE, 0xBA, 0xAA, 0xBA, 0xBA, 0xAB, 0xEB, 0xAE, 0xEE, 0xFE}"
Heat,heat,medium,25,0xB25FCC,"{0x00, 0xFF, 0xAE, 0xBB, 0xBA, 0xBA, 0xBA, 0xEB, 0xBA, 0xEE, 0xEE, 0xEE, 0xBA, 0xAA, 0xEE, 0xEA, 0xAE, 0xEA, 0xAE, 0xEE, 0xFE}"
Heat,heat,medium,26,0xB25FDC,"{0x00, 0xFF, 0xAE, 0xBB, 0xBA, 0xBA, 0xBA, 0xEB, 0xBA, 0xEE, 0xEE, 0xEE, 0xBA, 0xAA, 0xEE, 0xBA, 0xBB, 0xAA, 0xAB, 0xEE, 0xFE}"
Heat,heat,medium,27,0xB25F9C,"{0x00, 0xFF, 0xAE, 0xBB, 0xBA, 0xBA, 0xBA, 0xEB, 0xBA, 0xEE, 0xEE, 0xEE, 0xBA, 0xAA, 0xAE, 0xEE, 0xAE, 0xBA, 0xAB, 0xEE, 0xFE}"
Heat,heat,medium,28,0xB25F8C,"{0x00, 0xFF, 0xAE, 0xBB, 0xBA, 0xBA, 0xBA, 0xEB, 0xBA, 0xEE, 0xEE, 0xEE, 0xBA, 0xAA, 0xAE, 0xBA, 0xAB, 0xEE, 0xAE, 0xEE, 0xFE}"
Heat,heat,medium,29,0xB25FAC,"{0x00, 0xFF, 0xAE, 0xBB, 0xBA, 0xBA, 0xBA, 0xEB, 0xBA, 0xEE, 0xEE, 0xEE, 0xBA, 0xAA, 0xAE, 0xEB, 0xAE, 0xBA, 0xAE, 0xEE, 0xFE}"
Heat,heat,medium,30,0xB25FBC,"{0x00, 0xFF, 0xAE, 0xBB, 0xBA, 0xBA, 0xBA, 0xEB, 0xBA, 0xEE, 0xEE, 0xEE, 0xBA, 0xAA, 0xAE, 0xBB, 0xBB, 0xEA, 0xAA, 0xEE, 0xFE}"
Heat,heat,high,17,0xB23F0C,"{0x00, 0xFF, 0xAE, 0xBB, 0xBA, 0xBA, 0xBA, 0xEB, 0xEA, 0xEE, 0xEE, 0xEE, 0xAE, 0xAA, 0xAA, 0xEE, 0xEA, 0xEE, 0xAE, 0xEE, 0xFE}"
Heat,heat,high,18,0xB23F1C,"{0x00, 0xFF, 0xAE, 0xBB, 0xBA, 0xBA, 0xBA, 0xEB, 0xEA, 0xEE, 0xEE, 0xEE, 0xAE, 0xAA, 0xAA, 0xBB, 0xAB, 0xBB, 0xAB, 0xEE, 0xFE}"
Heat,heat,high,19,0xB23F3C,"{0x00, 0xFF, 0xAE, 0xBB, 0xBA, 0xBA, 0xBA, 0xEB, 0xEA, 0xEE, 0xEE, 0xEE, 0xAE, 0xAA, 0xEA, 0xEE, 0xAE, 0xEE, 0xAA, 0xEE, 0xFE}"
Heat,heat,high,20,0xB23F2C,"{0x00, 0xFF, 0xAE, 0xBB, 0xBA, 0xBA, 0xBA, 0xEB, 0xEA, 0xEE, 0xEE, 0xEE, 0xAE, 0xAA, 0xEA, 0xBA, 0xAB, 0xBB, 0xAE, 0xEE, 0xFE}"
Heat,heat,high,21,0xB23F6C,"{0x00, 0xFF, 0xAE, 0xBB, 0xBA, 0xBA, 0xBA, 0xEB, 0xEA, 0xEE, 0xEE, 0xEE, 0xAE, 0xAA, 0xBA, 0xEB, 0xAE, 0xAE, 0xAE, 0xEE, 0xFE}"
Heat,heat,high,22,0xB23F7C,"{0x00, 0xFF, 0xAE, 0xBB, 0xBA, 0xBA, 0xBA, 0xEB, 0xEA, 0xEE, 0xEE, 0xEE, 0xAE, 0xAA, 0xBA, 0xBB, 0xBB, 0xBA, 0xAA, 0xEE, 0xFE}"
Heat,heat,high,23,0xB23F5C,"{0x00, 0xFF, 0xAE, 0xBB, 0xBA, 0xBA, 0xBA, 0xEB, 0xEA, 0xEE, 0xEE, 0xEE, 0xAE, 0xAA, 0xBA, 0xEE, 0xAE, 0xAE, 0xAB, 0xEE, 0xFE}"
Heat,heat,high,24,0xB23F4C,"{0x00, 0xFF, 0xAE, 0xBB, 0xBA, 0xBA, 0xBA, 0xEB, 0xEA, 0xEE, 0xEE, 0xEE, 0xAE, 0xAA, 0xBA, 0xBA, 0xAB, 0xEB, 0xAE, 0xEE, 0xFE}"
Heat,heat,high,25,0xB23FCC,"{0x00, 0xFF, 0xAE, 0xBB, 0xBA, 0xBA, 0xBA, 0xEB, 0xEA, 0xEE, 0xEE, 0xEE, 0xAE, 0xAA, 0xEE, 0xEA, 0xAE, 0xEA, 0xAE, 0xEE, 0xFE}"
Heat,heat,high,26,0xB23FDC,"{0x00, 0xFF, 0xAE, 0xBB, 0xBA, 0xBA, 0xBA, 0xEB, 0xEA, 0xEE, 0xEE, 0xEE, 0xAE, 0xAA, 0xEE, 0xBA, 0xBB, 0xAA, 0xAB, 0xEE, 0xFE}"
Heat,heat,high,27,0xB23F9C,"{0x00, 0xFF, 0xAE, 0xBB, 0xBA, 0xBA, 0xBA, 0xEB, 0xEA, 0xEE, 0xEE, 0xEE, 0xAE, 0xAA, 0xAE, 0xEE, 0xAE, 0xBA, 0xAB, 0xEE, 0xFE}"
Heat,heat,high,28,0xB23F8C,"{0x00, 0xFF, 0xAE, 0xBB, 0xBA, 0xBA, 0xBA, 0xEB, 0xEA, 0xEE, 0xEE, 0xEE, 0xAE, 0xAA, 0xAE, 0xBA, 0xAB, 0xEE, 0xAE, 0xEE, 0xFE}"
Heat,heat,high,29,0xB23FAC,"{0x00, 0xFF, 0xAE, 0xBB, 0xBA, 0xBA, 0xBA, 0xEB, 0xEA, 0xEE, 0xEE, 0xEE, 0xAE, 0xAA, 0xAE, 0xEB, 0xAE, 0xBA, 0xAE, 0xEE, 0xFE}"
Heat,heat,high,30,0xB23FBC,"{0x00, 0xFF, 0xAE, 0xBB, 0xBA, 0xBA, 0xBA, 0xEB, 0xEA, 0xEE, 0xEE, 0xEE, 0xAE, 0xAA, 0xAE, 0xBB, 0xBB, 0xEA, 0xAA, 0xEE, 0xFE}"
Auto,heat_cool,auto (forced),17,0xB21F08,"{0x00, 0xFF, 0xAE, 0xBB, 0xBA, 0xBA, 0xBA, 0xEB, 0xAA, 0xBB, 0xBB, 0xBB, 0xBB, 0xAA, 0xAA, 0xAE, 0xBA, 0xBB, 0xEB, 0xEE, 0xFE}"
Auto,heat_cool,auto (forced),18,0xB21F18,"{0x00, 0xFF, 0xAE, 0xBB, 0xBA, 0xBA, 0xBA, 0xEB, 0xAA, 0xBB, 0xBB, 0xBB, 0xBB, 0xAA, 0xAA, 0xBB, 0xEA, 0xEE, 0xEA, 0xEE, 0xFE}"
Auto,heat_cool,auto (forced),19,0xB21F38,"{0x00, 0xFF, 0xAE, 0xBB, 0xBA, 0xBA, 0xBA, 0xEB, 0xAA, 0xBB, 0xBB, 0xBB, 0xBB, 0xAA, 0xEA, 0xEE, 0xAA, 0xBB, 0xEA, 0xEE, 0xFE}"
Auto,heat_cool,auto (forced),20,0xB21F28,"{0x00, 0xFF, 0xAE, 0xBB, 0xBA, 0xBA, 0xBA, 0xEB, 0xAA, 0xBB, 0xBB, 0xBB, 0xBB, 0xAA, 0xEA, 0xBA, 0xEA, 0xAE, 0xEB, 0xEE, 0xFE}"
Auto,heat_cool,auto (forced),21,0xB21F68,"{0x00, 0xFF, 0xAE, 0xBB, 0xBA, 0xBA, 0xBA, 0xEB, 0xAA, 0xBB, 0xBB, 0xBB, 0xBB, 0xAA, 0xBA, 0xEB, 0xAA, 0xAB, 0xEB, 0xEE, 0xFE}"
Auto,heat_cool,auto (forced),22,0xB21F78,"{0x00, 0xFF, 0xAE, 0xBB, 0xBA, 0xBA, 0xBA, 0xEB, 0xAA, 0xBB, 0xBB, 0xBB, 0xBB, 0xAA, 0xBA, 0xBB, 0xAB, 0xAE, 0xEA, 0xEE, 0xFE}"
Auto,heat_cool,auto (forced),23,0xB21F58,"{0x00, 0xFF, 0xAE, 0xBB, 0xBA, 0xBA, 0xBA, 0xEB, 0xAA, 0xBB, 0xBB, 0xBB, 0xBB, 0xAA, 0xBA, 0xEE, 0xAA, 0xEB, 0xEA, 0xEE, 0xFE}"
Auto,heat_cool,auto (forced),24,0xB21F48,"{0x00, 0xFF, 0xAE, 0xBB, 0xBA, 0xBA, 0xBA, 0xEB, 0xAA, 0xBB, 0xBB, 0xBB, 0xBB, 0xAA, 0xBA, 0xBA, 0xEA, 0xBA, 0xEB, 0xEE, 0xFE}"
Auto,heat_cool,auto (forced),25,0xB21FC8,"{0x00, 0xFF, 0xAE, 0xBB, 0xBA, 0xBA, 0xBA, 0xEB, 0xAA, 0xBB, 0xBB, 0xBB, 0xBB, 0xAA, 0xEE, 0xEA, 0xAA, 0xBA, 0xEB, 0xEE, 0xFE}"
Auto,heat_cool,auto (forced),26,0xB21FD8,"{0x00, 0xFF, 0xAE, 0xBB, 0xBA, 0xBA, 0xBA, 0xEB, 0xAA, 0xBB, 0xBB, 0xBB, 0xBB, 0xAA, 0xEE, 0xBA, 0xAB, 0xEA, 0xEA, 0xEE, 0xFE}"
Auto,heat_cool,auto (forced),27,0xB21F98,"{0x00, 0xFF, 0xAE, 0xBB, 0xBA, 0xBA, 0xBA, 0xEB, 0xAA, 0xBB, 0xBB, 0xBB, 0xBB, 0xAA, 0xAE, 0xEE, 0xAA, 0xEE, 0xEA, 0xEE, 0xFE}"
Auto,heat_cool,auto (forced),28,0xB21F88,"{0x00, 0xFF, 0xAE, 0xBB, 0xBA, 0xBA, 0xBA, 0xEB, 0xAA, 0xBB, 0xBB, 0xBB, 0xBB, 0xAA, 0xAE, 0xBA, 0xAA, 0xBB, 0xEB, 0xEE, 0xFE}"
Auto,heat_cool,auto (forced),29,0xB21FA8,"{0x00, 0xFF, 0xAE, 0xBB, 0xBA, 0xBA, 0xBA, 0xEB, 0xAA, 0xBB, 0xBB, 0xBB, 0xBB, 0xAA, 0xAE, 0xEB, 0xAA, 0xAE, 0xEB, 0xEE, 0xFE}"
Auto,heat_cool,auto (forced),30,0xB21FB8,"{0x00, 0xFF, 0xAE, 0xBB, 0xBA, 0xBA, 0xBA, 0xEB, 0xAA, 0xBB, 0xBB, 0xBB, 0xBB, 0xAA, 0xAE, 0xBB, 0xAB, 0xBA, 0xEA, 0xEE, 0xFE}"
Dry,dry,auto (forced),17,0xB21F04,"{0x00, 0xFF, 0xAE, 0xBB, 0xBA, 0xBA, 0xBA, 0xEB, 0xAA, 0xBB, 0xBB, 0xBB, 0xBB, 0xAA, 0xAA, 0xBA, 0xBA, 0xBB, 0xBB, 0xEE, 0xFE}"
Dry,dry,auto (forced),18,0xB21F14,"{0x00, 0xFF, 0xAE, 0xBB, 0xBA, 0xBA, 0xBA, 0xEB, 0xAA, 0xBB, 0xBB, 0xBB, 0xBB, 0xAA, 0xAA, 0xEB, 0xEA, 0xEE, 0xBA, 0xEE, 0xFE}"
Dry,dry,auto (forced),19,0xB21F34,"{0x00, 0xFF, 0xAE, 0xBB, 0xBA, 0xBA, 0xBA, 0xEB, 0xAA, 0xBB, 0xBB, 0xBB, 0xBB, 0xAA, 0xEA, 0xAE, 0xAB, 0xBB, 0xBA, 0xEE, 0xFE}"
Dry,dry,auto (forced),20,0xB21F24,"{0x00, 0xFF, 0xAE, 0xBB, 0xBA, 0xBA, 0xBA, 0xEB, 0xAA, 0xBB, 0xBB, 0xBB, 0xBB, 0xAA, 0xEA, 0xEA, 0xEA, 0xAE, 0xBB, 0xEE, 0xFE}"
Dry,dry,auto (forced),21,0xB21F64,"{0x00, 0xFF, 0xAE, 0xBB, 0xBA, 0xBA, 0xBA, 0xEB, 0xAA, 0xBB, 0xBB, 0xBB, 0xBB, 0xAA, 0xBA, 0xAB, 0xAB, 0xAB, 0xBB, 0xEE, 0xFE}"
Dry,dry,auto (forced),22,0xB21F74,"{0x00, 0xFF, 0xAE, 0xBB, 0xBA, 0xBA, 0xBA, 0xEB, 0xAA, 0xBB, 0xBB, 0xBB, 0xBB, 0xAA, 0xBA, 0xBB, 0xAE, 0xAE, 0xBA, 0xEE, 0xFE}"
Dry,dry,auto (forced),23,0xB21F54,"{0x00, 0xFF, 0xAE, 0xBB, 0xBA, 0xBA, 0xBA, 0xEB, 0xAA, 0xBB, 0xBB, 0xBB, 0xBB, 0xAA, 0xBA, 0xAE, 0xAB, 0xEB, 0xBA, 0xEE, 0xFE}"
Dry,dry,auto (forced),24,0xB21F44,"{0x00, 0xFF, 0xAE, 0xBB, 0xBA, 0xBA, 0xBA, 0xEB, 0xAA, 0xBB, 0xBB, 0xBB, 0xBB, 0xAA, 0xBA, 0xEA, 0xEA, 0xBA, 0xBB, 0xEE, 0xFE}"
Dry,dry,auto (forced),25,0xB21FC4,"{0x00, 0xFF, 0xAE, 0xBB, 0xBA, 0xBA, 0xBA, 0xEB, 0xAA, 0xBB, 0xBB, 0xBB, 0xBB, 0xAA, 0xEE, 0xAA, 0xAB, 0xBA, 0xBB, 0xEE, 0xFE}"
Dry,dry,auto (forced),26,0xB21FD4,"{0x00, 0xFF, 0xAE, 0xBB, 0xBA, 0xBA, 0xBA, 0xEB, 0xAA, 0xBB, 0xBB, 0xBB, 0xBB, 0xAA, 0xEE, 0xBA, 0xAE, 0xEA, 0xBA, 0xEE, 0xFE}"
Dry,dry,auto (forced),27,0xB21F94,"{0x00, 0xFF, 0xAE, 0xBB, 0xBA, 0xBA, 0xBA, 0xEB, 0xAA, 0xBB, 0xBB, 0xBB, 0xBB, 0xAA, 0xAE, 0xAE, 0xAB, 0xEE, 0xBA, 0xEE, 0xFE}"
Dry,dry,auto (forced),28,0xB21F84,"{0x00, 0xFF, 0xAE, 0xBB, 0xBA, 0xBA, 0xBA, 0xEB, 0xAA, 0xBB, 0xBB, 0xBB, 0xBB, 0xAA, 0xAE, 0xEA, 0xAA, 0xBB, 0xBB, 0xEE, 0xFE}"
Dry,dry,auto (forced),29,0xB21FA4,"{0x00, 0xFF, 0xAE, 0xBB, 0xBA, 0xBA, 0xBA, 0xEB, 0xAA, 0xBB, 0xBB, 0xBB, 0xBB, 0xAA, 0xAE, 0xAB, 0xAB, 0xAE, 0xBB, 0xEE, 0xFE}"
Dry,dry,auto (forced),30,0xB21FB4,"{0x00, 0xFF, 0xAE, 0xBB, 0xBA, 0xBA, 0xBA, 0xEB, 0xAA, 0xBB, 0xBB, 0xBB, 0xBB, 0xAA, 0xAE, 0xBB, 0xAE, 0xBA, 0xBA, 0xEE, 0xFE}"
